id,especie,latitude,longitude
Agostini_etal_10,Alouatta guariba,-27.15,-53.9
Agostini_etal_11,Alouatta guariba,-26.51,-53.99
Agostini_etal_21,Sapajus nigritus,-25.51,-54.12
Agostini_etal_22,Sapajus nigritus,-25.6,-54.09
Agostini_etal_23,Sapajus nigritus,-26.513549,-53.991673
Agostini_etal_24,Sapajus nigritus,-27.15,-53.9
Agostini_etal_25,Sapajus nigritus,-26.83277778,-54.90944444
Agostini_etal_26,Sapajus nigritus,-26.52093333,-53.99003333
Agostini_etal_27,Sapajus nigritus,-26.89868333,-53.88863333
Agostini_etal_28,Sapajus nigritus,-26.74073333,-53.9124
Agostini_etal_29,Sapajus nigritus,-26.94533333,-54.2377
Agostini_etal_30,Sapajus nigritus,-26.9837,-54.1761
Agostini_etal_31,Sapajus nigritus,-27.1562,-53.90186667
Agostini_etal_32,Sapajus nigritus,-26.86963333,-54.22753333
Agostini_etal_33,Sapajus nigritus,-26.60163333,-53.73243333
Agostini_etal_34,Sapajus nigritus,-26.48731667,-54.03126667
Agostini_etal_35,Sapajus nigritus,-27.02021667,-54.14623333
Agostini_etal_36,Alouatta guariba,-26.52093333,-53.99003333
Agostini_etal_37,Alouatta guariba,-26.46593333,-53.92113333
Agostini_etal_38,Alouatta guariba,-26.48256667,-53.91268333
Agostini_etal_39,Alouatta guariba,-26.9837,-54.1761
Agostini_etal_40,Alouatta guariba,-26.42798333,-53.84446667
Agostini_etal_41,Alouatta guariba,-26.55716667,-54.06846667
Agostini_etal_42,Alouatta guariba,-27.01938333,-54.15426667
Agostini_etal_43,Alouatta guariba,-27.15296667,-53.9016
Agostini_etal_44,Alouatta guariba,-26.68777778,-54.265
Agostini_etal_45,Alouatta guariba,-26.42798333,-53.84446667
Agostini_etal_46,Alouatta caraya,-26.42798333,-53.84446667
Agostini_etal_47,Sapajus nigritus,-26.42798333,-53.84446667
Agostini_etal_48,Alouatta guariba,-26.73776667,-53.91536667
Agostini_etal_49,Sapajus nigritus,-26.73776667,-53.91536667
Agostini_etal_5,Alouatta caraya,-26.98,-54.15
Agostini_etal_50,Sapajus nigritus,-26.42798333,-53.84446667
Agostini_etal_51,Sapajus nigritus,-26.5569,-53.93641667
Agostini_etal_52,Sapajus nigritus,-26.58121667,-53.94751667
Agostini_etal_53,Sapajus nigritus,-26.61183333,-53.7452
Agostini_etal_54,Sapajus nigritus,-26.59618333,-53.85011667
Agostini_etal_55,Alouatta caraya,-26.59618333,-53.85011667
Agostini_etal_56,Alouatta caraya,-26.82838333,-53.90011667
Agostini_etal_57,Sapajus nigritus,-26.82838333,-53.90011667
Agostini_etal_58,Sapajus nigritus,-27.29713333,-54.19675
Agostini_etal_59,Sapajus nigritus,-27.27475,-54.22475
Agostini_etal_6,Alouatta caraya,-26.43,-54.49
Agostini_etal_60,Alouatta caraya,-27.27475,-54.22475
Agostini_etal_61,Sapajus nigritus,-27.20276667,-54.02411667
Agostini_etal_62,Sapajus nigritus,-27.0322,-54.1119
Agostini_etal_63,Sapajus nigritus,-26.92725,-54.25023333
Agostini_etal_64,Sapajus nigritus,-26.82711667,-53.92715
Agostini_etal_67,Alouatta caraya,-25.912185,-54.421535
Agostini_etal_68,Alouatta caraya,-27.449232,-55.71635
Agostini_etal_7,Alouatta caraya,-25.58,-54.07
Agostini_etal_8,Alouatta caraya,-25.51,-54.12
Agostini_etal_9,Alouatta guariba,-26.88,-54.23
Almeida_AS_plan_1_1,Brachyteles hypoxanthus,-22.2558,-44.3628
Almeida_AS_plan_1_100,Brachyteles hypoxanthus,-19.5,-41.5
Almeida_AS_plan_1_101,Brachyteles hypoxanthus,-19.5,-41.5
Almeida_AS_plan_1_102,Brachyteles hypoxanthus,-19.5,-41.5
Almeida_AS_plan_1_103,Brachyteles hypoxanthus,-19.5,-41.5
Almeida_AS_plan_1_105,Callithrix jacchus,-8.3252,-35.1144
Almeida_AS_plan_1_106,Callithrix jacchus,-8.3235,-35.1104
Almeida_AS_plan_1_107,Callithrix jacchus,-8.3224,-35.1133
Almeida_AS_plan_1_122,Callicebus nigrifrons,-21.14,-44.19
Almeida_AS_plan_1_123,Callithrix penicillata,-21.14,-44.19
Almeida_AS_plan_1_125,Leontopithecus chrysopygus,-24.0321,-47.5829
Almeida_AS_plan_1_132,Callicebus nigrifrons,-23.11,-46.52
Almeida_AS_plan_1_133,Callicebus nigrifrons,-23.11,-46.52
Almeida_AS_plan_1_134,Callicebus nigrifrons,-23.27,-46.37
Almeida_AS_plan_1_135,Callicebus nigrifrons,-23.11,-46.21
Almeida_AS_plan_1_136,Callicebus nigrifrons,-23.27,-46.37
Almeida_AS_plan_1_138,Sapajus xanthosternos,-11.12,-37.14
Almeida_AS_plan_1_139,Callithrix jacchus,-11.12,-37.14
Almeida_AS_plan_1_144,Callithrix kuhlii,-15.101,-40.03
Almeida_AS_plan_1_145,Leontopithecus chrysomelas,-15.101,-40.03
Almeida_AS_plan_1_146,Leontopithecus chrysomelas,-14.99,-40.001
Almeida_AS_plan_1_147,Callithrix kuhlii,-15.019,-40.04
Almeida_AS_plan_1_148,Callithrix kuhlii,-15.36,-40.23
Almeida_AS_plan_1_149,Alouatta guariba,-15.36,-40.23
Almeida_AS_plan_1_150,Sapajus xanthosternos,-15.36,-40.23
Almeida_AS_plan_1_151,Leontopithecus chrysomelas,-15.36,-40.23
Almeida_AS_plan_1_152,Callithrix kuhlii,-15.57,-39.07
Almeida_AS_plan_1_153,Leontopithecus chrysomelas,-15.57,-39.07
Almeida_AS_plan_1_154,Callithrix kuhlii,-15.56,-38.969
Almeida_AS_plan_1_155,Leontopithecus chrysomelas,-15.56,-38.969
Almeida_AS_plan_1_156,Callithrix kuhlii,-15.749,-39.721
Almeida_AS_plan_1_157,Callithrix kuhlii,-15.686,-39.851
Almeida_AS_plan_1_158,Callithrix kuhlii,-15.711,-39.889
Almeida_AS_plan_1_159,Callithrix kuhlii,-15.811,-40.119
Almeida_AS_plan_1_160,Alouatta guariba,-15.811,-40.119
Almeida_AS_plan_1_161,Callithrix kuhlii,-15.761,-40.124
Almeida_AS_plan_1_162,Callithrix kuhlii,-15.837,-39.987
Almeida_AS_plan_1_163,Callithrix kuhlii,-15.418,-39.545
Almeida_AS_plan_1_164,Callithrix kuhlii,-15.585,-40.12
Almeida_AS_plan_1_165,Callithrix kuhlii,-15.59,-40.118
Almeida_AS_plan_1_166,Callithrix kuhlii,-14.166,-39.73
Almeida_AS_plan_1_167,Callithrix kuhlii,-14.502,-39.924
Almeida_AS_plan_1_168,Callithrix kuhlii,-14.431,-39.795
Almeida_AS_plan_1_169,Callithrix kuhlii,-14.408,-39.743
Almeida_AS_plan_1_170,Callithrix kuhlii,-14.367,-39.679
Almeida_AS_plan_1_171,Callithrix kuhlii,-15.154,-39.528
Almeida_AS_plan_1_172,Callithrix kuhlii,-15.154,-39.528
Almeida_AS_plan_1_173,Leontopithecus chrysomelas,-15.154,-39.528
Almeida_AS_plan_1_174,Callicebus melanochir,-15.384,-39.564
Almeida_AS_plan_1_175,Callithrix kuhlii,-15.384,-39.564
Almeida_AS_plan_1_176,Leontopithecus chrysomelas,-15.253,-39.586
Almeida_AS_plan_1_177,Callithrix kuhlii,-15.379,-39.659
Almeida_AS_plan_1_178,Leontopithecus chrysomelas,-15.379,-39.659
Almeida_AS_plan_1_179,Callithrix kuhlii,-15.187,-39.341
Almeida_AS_plan_1_180,Leontopithecus chrysomelas,-15.187,-39.341
Almeida_AS_plan_1_181,Callithrix kuhlii,-15.155,-40.191
Almeida_AS_plan_1_182,Leontopithecus chrysomelas,-15.155,-40.191
Almeida_AS_plan_1_183,Callithrix kuhlii,-15.249,-39.925
Almeida_AS_plan_1_184,Leontopithecus chrysomelas,-15.249,-39.925
Almeida_AS_plan_1_185,Callithrix kuhlii,-14.822,-39.847
Almeida_AS_plan_1_186,Callicebus melanochir,-14.822,-39.847
Almeida_AS_plan_1_187,Callithrix kuhlii,-14.895,-39.493
Almeida_AS_plan_1_188,Callithrix kuhlii,-14.737,-39.736
Almeida_AS_plan_1_189,Leontopithecus chrysomelas,-14.737,-39.736
Almeida_AS_plan_1_190,Callithrix kuhlii,-15.057,-39.634
Almeida_AS_plan_1_191,Callithrix kuhlii,-15.049,-39.805
Almeida_AS_plan_1_192,Leontopithecus chrysomelas,-15.049,-39.805
Almeida_AS_plan_1_193,Callithrix kuhlii,-15.988,-39.39
Almeida_AS_plan_1_194,Sapajus xanthosternos,-15.988,-39.39
Almeida_AS_plan_1_195,Callithrix kuhlii,-15.935,-39.325
Almeida_AS_plan_1_196,Callithrix kuhlii,-14.349,-39.062
Almeida_AS_plan_1_197,Callithrix kuhlii,-16.071,-40.055
Almeida_AS_plan_1_198,Callithrix kuhlii,-16.059,-40.043
Almeida_AS_plan_1_199,Sapajus xanthosternos,-16.059,-40.043
Almeida_AS_plan_1_2,Brachyteles hypoxanthus,-22.2539,-44.3752
Almeida_AS_plan_1_200,Callithrix kuhlii,-15.11,-40.109
Almeida_AS_plan_1_201,Callithrix kuhlii,-15.795,-39.831
Almeida_AS_plan_1_202,Callithrix kuhlii,-15.687,-39.797
Almeida_AS_plan_1_203,Callithrix kuhlii,-15.815,-39.693
Almeida_AS_plan_1_204,Callithrix kuhlii,-15.148,-39.94
Almeida_AS_plan_1_205,Leontopithecus chrysomelas,-15.148,-39.94
Almeida_AS_plan_1_206,Sapajus xanthosternos,-15.148,-39.94
Almeida_AS_plan_1_207,Callicebus melanochir,-15.148,-39.94
Almeida_AS_plan_1_208,Callithrix kuhlii,-15.79,-40.548
Almeida_AS_plan_1_209,Callithrix kuhlii,-16.056,-40.02
Almeida_AS_plan_1_210,Callithrix kuhlii,-16.054,-40.06
Almeida_AS_plan_1_211,Callithrix kuhlii,-14.533,-39.04
Almeida_AS_plan_1_212,Callithrix kuhlii,-15.241,-39.339
Almeida_AS_plan_1_213,Brachyteles hypoxanthus,-21.3842,-43.5245
Almeida_AS_plan_1_218,Callithrix geoffroyi,-20.4931,-40.3751
Almeida_AS_plan_1_219,Callithrix geoffroyi,-21.0724,-41.4259
Almeida_AS_plan_1_220,Callithrix flaviceps,-19.52,-40.32
Almeida_AS_plan_1_222,Callithrix penicillata,-21.18,-44.39
Almeida_AS_plan_1_223,Callithrix penicillata,-21.35,-46.33
Almeida_AS_plan_1_224,Alouatta caraya,-21.35,-46.33
Almeida_AS_plan_1_225,Sapajus nigritus,-21.35,-46.33
Almeida_AS_plan_1_226,Callicebus nigrifrons,-21.35,-46.33
Almeida_AS_plan_1_228,Callithrix penicillata,-22.9822,-45.5544
Almeida_AS_plan_1_229,Callithrix penicillata,-22.9838,-45.5544
Almeida_AS_plan_1_234,Alouatta guariba,-23.3808,-46.3648
Almeida_AS_plan_1_236,Callithrix geoffroyi,-20.3202,-40.2242
Almeida_AS_plan_1_237,"Sapajus sp,",-22.5747,-43.144
Almeida_AS_plan_1_238,Callithrix jacchus,-22.5747,-43.144
Almeida_AS_plan_1_239,Callithrix geoffroyi,-20.1641,-40.1811
Almeida_AS_plan_1_240,Alouatta guariba,-29.0824,-50.5916
Almeida_AS_plan_1_241,Alouatta guariba,-25.5337,-49.1155
Almeida_AS_plan_1_28,Leontopithecus chrysomelas,-15.2837,-39.1344
Almeida_AS_plan_1_29,Callithrix kuhlii,-15.2837,-39.1344
Almeida_AS_plan_1_3,Brachyteles hypoxanthus,-22.2519,-44.3832
Almeida_AS_plan_1_36,Leontopithecus caissara,-25.1588,-48.1034
Almeida_AS_plan_1_37,Leontopithecus caissara,-25.1588,-48.1034
Almeida_AS_plan_1_38,Alouatta caraya,-22.4559,-53.1858
Almeida_AS_plan_1_39,Alouatta caraya,-22.4559,-53.1858
Almeida_AS_plan_1_4,Brachyteles hypoxanthus,-22.2508,-44.3816
Almeida_AS_plan_1_40,Alouatta guariba,-30.34,-51.04
Almeida_AS_plan_1_41,Alouatta guariba,-30.4925,-51.4759
Almeida_AS_plan_1_43,Alouatta guariba,-29.7633,-53.8633
Almeida_AS_plan_1_5,Brachyteles hypoxanthus,-22.2531,-44.3531
Almeida_AS_plan_1_6,Brachyteles hypoxanthus,-22.2528,-44.3532
Almeida_AS_plan_1_74,Callithrix aurita,-21.5819,-42.5013
Almeida_AS_plan_1_75,Callithrix aurita,-22.0124,-42.4806
Almeida_AS_plan_1_76,Callithrix aurita,-22.0134,-42.4659
Almeida_AS_plan_1_77,Alouatta guariba,-22.0134,-42.4659
Almeida_AS_plan_1_78,Callithrix aurita,-22.049,-42.4632
Almeida_AS_plan_1_79,Callithrix aurita,-22.06,-42.4823
Almeida_AS_plan_1_80,Callithrix aurita,-21.5957,-42.486
Almeida_AS_plan_1_81,Callithrix aurita,-22.048,-42.2728
Almeida_AS_plan_1_82,Callithrix aurita,-22.021,-42.4716
Almeida_AS_plan_1_83,Callicebus nigrifrons,-22.25,-43.35
Almeida_AS_plan_1_84,Sapajus nigritus,-22.25,-43.35
Almeida_AS_plan_1_85,Callithrix aurita,-22.25,-43.35
Almeida_AS_plan_1_86,Callithrix aurita,-22.52,-45.06
Almeida_AS_plan_1_87,"Callithrix sp,",-22.52,-45.06
Almeida_AS_plan_1_88,Callithrix penicillata,-22.52,-45.06
Almeida_AS_plan_1_89,Callithrix penicillata,-27.59639167,-48.50993333
Almeida_AS_plan_1_90,Brachyteles arachnoides,-24.0655,-47.4718
Almeida_AS_plan_1_91,Brachyteles arachnoides,-24.0655,-47.4718
Almeida_AS_plan_1_92,Brachyteles arachnoides,-24.0056,-47.4844
Almeida_AS_plan_1_93,Sapajus nigritus,-24.0655,-47.4718
Almeida_AS_plan_1_94,Sapajus nigritus,-24.0655,-47.4718
Almeida_AS_plan_1_95,Sapajus nigritus,-24.0056,-47.4844
Almeida_AS_plan_1_96,Alouatta guariba,-24.0655,-47.4718
Almeida_AS_plan_1_97,Alouatta guariba,-24.0655,-47.4718
Almeida_AS_plan_1_98,Alouatta guariba,-24.0056,-47.4718
Almeida_AS_plan_1_99,Leontopithecus chrysopygus,-23.54,-48.3
Bicca-Marques_JC_1,Alouatta guariba,-30.08286,-50.82533
Bicca-Marques_JC_10,Alouatta guariba,-30.12788,-50.83736
Bicca-Marques_JC_11,Alouatta guariba,-30.12459,-50.9063
Bicca-Marques_JC_12,Alouatta guariba,-30.16795,-50.86493
Bicca-Marques_JC_13,Alouatta guariba,-30.14255,-50.84869
Bicca-Marques_JC_14,Alouatta guariba,-30.08488,-50.77433
Bicca-Marques_JC_15,Alouatta guariba,-30.14404,-50.90532
Bicca-Marques_JC_16,Alouatta guariba,-30.13337,-50.82544
Bicca-Marques_JC_17,Alouatta guariba,-30.07361,-50.8178
Bicca-Marques_JC_18,Alouatta guariba,-30.06788,-50.81349
Bicca-Marques_JC_19,Alouatta guariba,-30.06795,-50.79626
Bicca-Marques_JC_2,Alouatta guariba,-30.09925,-50.84182
Bicca-Marques_JC_20,Alouatta guariba,-30.1031,-50.80019
Bicca-Marques_JC_21,Alouatta guariba,-30.11108,-50.86194
Bicca-Marques_JC_22,Alouatta guariba,-30.06686,-50.8059
Bicca-Marques_JC_23,Alouatta guariba,-30.09886,-50.81935
Bicca-Marques_JC_24,Alouatta guariba,-30.07965,-50.79397
Bicca-Marques_JC_25,Alouatta guariba,-30.12926,-50.91665
Bicca-Marques_JC_26,Alouatta guariba,-30.13089,-50.80994
Bicca-Marques_JC_27,Alouatta guariba,-30.16034,-50.89133
Bicca-Marques_JC_28,Alouatta guariba,-30.08468,-50.79859
Bicca-Marques_JC_29,Alouatta guariba,-30.0609,-50.80188
Bicca-Marques_JC_3,Alouatta guariba,-30.11359,-50.92277
Bicca-Marques_JC_30,Alouatta guariba,-30.129,-50.81497
Bicca-Marques_JC_31,Alouatta guariba,-30.14729,-50.85185
Bicca-Marques_JC_32,Alouatta guariba,-30.0905,-50.79976
Bicca-Marques_JC_33,Alouatta guariba,-30.16037,-50.8603
Bicca-Marques_JC_34,Alouatta guariba,-30.12011,-50.94432
Bicca-Marques_JC_35,Alouatta guariba,-30.08052,-50.80277
Bicca-Marques_JC_36,Alouatta guariba,-30.14686,-50.85564
Bicca-Marques_JC_37,Alouatta guariba,-30.16282,-50.89523
Bicca-Marques_JC_38,Alouatta guariba,-30.07307,-50.80223
Bicca-Marques_JC_39,Alouatta guariba,-30.07848,-50.79861
Bicca-Marques_JC_4,Alouatta guariba,-30.13608,-50.89031
Bicca-Marques_JC_5,Alouatta guariba,-30.16322,-51.06642
Bicca-Marques_JC_6,Alouatta guariba,-30.17248,-50.88478
Bicca-Marques_JC_7,Alouatta guariba,-30.16368,-50.90483
Bicca-Marques_JC_8,Alouatta guariba,-30.15312,-50.87121
Bicca-Marques_JC_9,Alouatta guariba,-30.14755,-50.93038
CarvalhoM_etal_10,Sapajus nigritus,-22.5955,-49.2051
CarvalhoM_etal_7,Callicebus nigrifrons,-22.2051,-47.1555
CarvalhoM_etal_8,Callithrix aurita,-22.2051,-47.1555
CheremJ_53,Callithrix penicillata,-27.595825,-48.513997
CheremJ_56,Callithrix penicillata,-27.756291,-48.540752
CheremJ_6,Sapajus nigritus,-27.001373,-52.416298
CheremJ_60,Callithrix penicillata,-27.453585,-48.494418
CheremJ_61,Alouatta guariba,-27.400803,-48.582398
CheremJ_62,Sapajus nigritus,-27.400803,-48.582398
CheremJ_7,Sapajus nigritus,-27,-52.41698
CheremJ_71,Sapajus nigritus,-26.24193,-48.524094
CheremJ_75,Alouatta guariba,-28.22452,-51.167157
CheremJ_76,Alouatta guariba,-28.828355,-49.938872
CheremJ_77,Alouatta guariba,-27.355586,-49.3448
FerreiraA_22,Callithrix kuhlii x Callithrix penicillata,-13.826548,-39.169758
GabrielaH_14,Alouatta guariba,-29.131486,-50.879096
GabrielaH_15,Alouatta guariba,-29.104044,-50.87541
GabrielaH_16,Alouatta guariba,-29.1722,-51.0209
GabrielaH_17,Sapajus nigritus,-29.1722,-51.0209
KnoggeC_1,Callithrix aurita,-23.131581,-46.547019
KnoggeC_10,Callithrix aurita,-23.658064,-46.962627
KnoggeC_11,Sapajus nigritus,-24.383479,-47.123022
KnoggeC_12,Alouatta guariba,-24.418238,-47.038539
KnoggeC_13,Alouatta guariba,-24.376755,-47.07871
KnoggeC_14,Alouatta guariba,-24.3953,-47.120137
KnoggeC_15,Callithrix jacchus,-7.779483,-35.012008
KnoggeC_16,Sapajus flavius,-7.775616,-35.01389
KnoggeC_17,Sapajus nigritus,-24.551495,-47.230009
KnoggeC_18,Brachyteles arachnoides,-24.561934,-47.270751
KnoggeC_19,Alouatta guariba,-24.572628,-47.243638
KnoggeC_2,Callithrix aurita,-23.153755,-46.568179
KnoggeC_20,Callithrix jacchus,-22.702234,-45.143833
KnoggeC_22,Sapajus nigritus,-22.668436,-51.516661
KnoggeC_25,Callithrix aurita,-23.204436,-46.334054
KnoggeC_28,Callithrix aurita,-23.207825,-46.356539
KnoggeC_3,Callithrix penicillata,-23.097665,-46.512112
KnoggeC_30,Callicebus nigrifrons,-23.203785,-46.329227
KnoggeC_33,Alouatta guariba,-23.140416,-46.330783
KnoggeC_34,Alouatta guariba,-23.150458,-46.324942
KnoggeC_35,Brachyteles arachnoides,-24.401942,-47.332442
KnoggeC_36,Sapajus nigritus,-24.374859,-47.3545
KnoggeC_37,Sapajus nigritus,-24.397535,-47.332047
KnoggeC_38,Alouatta guariba,-24.374859,-47.3545
KnoggeC_39,Alouatta guariba,-24.386123,-47.337716
KnoggeC_40,Callithrix jacchus,-12.577778,-38.004444
KnoggeC_42,Callithrix jacchus,-13.0015,-38.51
KnoggeC_43,Callithrix aurita,-23.279264,-46.281841
KnoggeC_52,Callithrix jacchus,-23.457886,-46.766967
KnoggeC_53,Callithrix jacchus,-23.460089,-46.755625
KnoggeC_54,Callithrix jacchus,-20.786625,-49.359222
KnoggeC_55,Callithrix jacchus,-23.632422,-46.722117
KnoggeC_56,Callithrix jacchus,-23.492432,-46.520393
KnoggeC_57,Callithrix jacchus,-23.454694,-46.635944
KnoggeC_58,Callithrix jacchus,-23.062361,-46.9795
KnoggeC_7,Callithrix jacchus,-7.964765,-34.988133
KnoggeC_8,Callithrix jacchus,-7.983424,-34.998895
KnoggeC_9,Callithrix jacchus,-23.653325,-46.983482
LaurenceC_149,Sapajus flavius,-6.43722222,-34.97944444
LaurenceC_150,Alouatta belzebul,-6.43722222,-34.97944444
LaurenceC_151,Sapajus flavius,-6.43722222,-34.97111111
LaurenceC_152,Sapajus flavius,-6.570138889,-35.13152778
LaurenceC_153,Sapajus flavius,-6.610527778,-35.13305556
LaurenceC_154,Sapajus flavius,-6.637666667,-35.06152778
LaurenceC_155,Sapajus flavius,-6.646611111,-35.08458333
LaurenceC_156,Alouatta belzebul,-6.646611111,-35.08458333
LaurenceC_157,Sapajus flavius,-6.731888889,-35.10597222
LaurenceC_158,Sapajus flavius,-6.758444444,-35.10827778
LaurenceC_159,Sapajus flavius,-6.930694444,-35.07908333
LaurenceC_160,Sapajus flavius,-6.960055556,-35.07394444
LaurenceC_161,Sapajus flavius,-6.860277778,-34.91027778
LaurenceC_162,Sapajus flavius,-6.96225,-35.10283333
LaurenceC_163,Alouatta belzebul,-6.96225,-35.10283333
LaurenceC_164,Sapajus flavius,-7.015111111,-35.09102778
LaurenceC_165,Alouatta belzebul,-7.015111111,-35.09102778
LaurenceC_166,Alouatta belzebul,-7.042833333,-35.15441667
LaurenceC_167,Alouatta belzebul,-7.044277778,-35.13313889
LaurenceC_168,Sapajus flavius,-7.05825,-35.08883333
LaurenceC_169,Sapajus flavius,-7.077861111,-35.01186111
LaurenceC_170,Alouatta belzebul,-7.15275,-35.02219444
LaurenceC_171,Alouatta belzebul,-7.192805556,-35.08825
LaurenceC_172,Sapajus flavius,-7.14575,-34.86075
LaurenceC_173,Sapajus flavius,-6.994111111,-34.92133333
LaurenceC_174,Alouatta belzebul,-6.994111111,-34.92133333
LaurenceC_175,Sapajus flavius,-7.006833333,-34.91580556
LaurenceC_176,Sapajus flavius,-7.51325,-34.97588889
LaurenceC_177,Sapajus flavius,-7.600861111,-34.99244444
LaurenceC_178,Sapajus flavius,-7.608083333,-35.46830556
LaurenceC_179,Sapajus flavius,-7.609166667,-35.39194444
LaurenceC_180,Sapajus flavius,-7.777611111,-35.013
LaurenceC_181,Sapajus flavius,-8.525777778,-35.05261111
LaurenceC_182,Alouatta belzebul,-8.712666667,-35.40391667
LaurenceC_183,Alouatta belzebul,-9.262611111,-35.83636111
LaurenceC_184,Sapajus flavius,-9.227416667,-35.50072222
LaurenceC_185,Alouatta belzebul,-9.881972222,-36.06397222
LaurenceC_186,Sapajus flavius,-9.881972222,-36.06397222
LaurenceC_187,Sapajus flavius,-10.113,-36.30797222
LaurenceC_188,Sapajus flavius,-9.757416667,-36.23536111
LaurenceC_189,Alouatta belzebul,-9.516777778,-35.98216667
LaurenceC_190,Alouatta belzebul,-10.01591667,-36.22758333
LaurenceC_191,Alouatta belzebul,-10.03508333,-36.18222222
LaurenceC_192,Alouatta belzebul,-10.00791667,-36.29533333
LaurenceC_209,Alouatta guariba,-27.2,-53.91666667
LaurenceC_210,Sapajus nigritus,-27.2,-53.91666667
LaurenceC_211,Alouatta guariba,-27.61666667,-51.51666667
LaurenceC_212,Sapajus nigritus,-27.61666667,-51.51666667
LaurenceC_213,Sapajus nigritus,-27.91666667,-52.83333333
LaurenceC_214,Alouatta guariba,-28.21666667,-51.16666667
LaurenceC_215,Alouatta guariba,-29.54083333,-53.80972222
LaurenceC_238,Callicebus coimbrai,-10.53333333,-37.01666667
LaurenceC_239,Callicebus coimbrai,-10.3,-36.91666667
LaurenceC_240,Callicebus coimbrai,-10.55,-37.03333333
LaurenceC_241,Callicebus coimbrai,-10.56666667,-37.03333333
LaurenceC_242,Callicebus coimbrai,-10.38333333,-36.66666667
LaurenceC_243,Callicebus coimbrai,-10.38333333,-36.7
LaurenceC_244,Callicebus coimbrai,-10.5,-37.1
LaurenceC_245,Callicebus coimbrai,-10.58333333,-37.03333333
LaurenceC_246,Callicebus coimbrai,-10.58333333,-37.05
LaurenceC_247,Callicebus coimbrai,-10.61666667,-37.05
LaurenceC_248,Callicebus coimbrai,-10.41666667,-36.73333333
LaurenceC_365,Alouatta guariba,-25.5,-49.16666667
LaurenceC_372,Sapajus libidinosus,-16.70511111,-49.25447222
LaurenceC_373,Sapajus libidinosus,-25.48225,-54.56552778
LaurenceC_414,Leontopithecus chrysopygus,-22.75,-49.05
LaurenceC_415,Leontopithecus chrysopygus,-23.37694444,-48.20666667
LaurenceC_416,Leontopithecus chrysopygus,-23.91638889,-48.66555556
LaurenceC_714,Alouatta guariba,-30.10375,-50.76952778
LaurenceC_715,Alouatta guariba,-29.73333333,-53.73333333
LaurenceC_716,Alouatta guariba,-30.3325,-51.01305556
LaurenceC_717,Alouatta guariba,-30.82375833,-51.79996389
LaurenceC_720,Alouatta guariba,-25.48222222,-54.56527778
LaurenceC_721,Alouatta caraya,-25.48222222,-54.56527778
LaurenceC_722,Alouatta guariba,-30.15997222,-50.82943611
LaurenceC_723,Alouatta guariba,-30.28422222,-51.01818056
LaurenceC_724,Alouatta guariba,-30.04898611,-51.009775
LaurenceC_725,Alouatta guariba,-30.217625,-51.01988611
LaurenceC_726,Alouatta guariba,-30.15383611,-51.53483056
LaurenceC_727,Alouatta guariba,-30.20777778,-51.09805556
LaurenceC_728,Alouatta guariba,-30.20100278,-51.0125
LaurenceC_729,Alouatta guariba,-30.38449444,-51.04385556
LaurenceC_730,Alouatta guariba,-30.35279722,-51.04413056
LaurenceC_731,Alouatta guariba,-30.17660278,-51.10756111
LaurenceC_732,Alouatta guariba,-30.18985833,-51.11554722
LimaF_etal_1,Leontopithecus chrysopygus,-23.827815,-48.560402
LimaF_etal_10,Leontopithecus chrysopygus,-23.842493,-48.585507
LimaF_etal_100,Alouatta guariba,-23.827815,-48.560402
LimaF_etal_101,Alouatta guariba,-23.650995,-48.57269
LimaF_etal_102,Callithrix penicillata,-23.099986,-49.660095
LimaF_etal_103,Callithrix jacchus,-23.366447,-49.278478
LimaF_etal_104,Alouatta guariba,-23.366447,-49.278478
LimaF_etal_105,Sapajus nigritus,-22.149,-52.265
LimaF_etal_106,Leontopithecus chrysopygus,-22.149,-52.265
LimaF_etal_11,Leontopithecus chrysopygus,-23.708279,-48.65467
LimaF_etal_115,Sapajus nigritus,-22.239,-52.307
LimaF_etal_116,Leontopithecus chrysopygus,-22.239,-52.307
LimaF_etal_12,Leontopithecus chrysopygus,-23.70382,-48.646907
LimaF_etal_13,Leontopithecus chrysopygus,-23.650995,-48.57269
LimaF_etal_2,Leontopithecus chrysopygus,-23.808693,-48.588055
LimaF_etal_3,Leontopithecus chrysopygus,-23.810022,-48.588148
LimaF_etal_4,Leontopithecus chrysopygus,-23.823353,-48.573664
LimaF_etal_5,Leontopithecus chrysopygus,-23.786635,-48.588884
LimaF_etal_6,Leontopithecus chrysopygus,-23.820069,-48.577238
LimaF_etal_7,Leontopithecus chrysopygus,-23.820804,-48.57748
LimaF_etal_8,Leontopithecus chrysopygus,-23.815309,-48.546763
LimaF_etal_82,Callithrix aurita,-23.199591,-46.355214
LimaF_etal_83,Callicebus nigrifrons,-23.199591,-46.355214
LimaF_etal_84,Alouatta guariba,-23.152286,-46.307999
LimaF_etal_85,Sapajus nigritus,-22.11871,-47.694475
LimaF_etal_86,Callithrix aurita,-23.233605,-46.52611
LimaF_etal_87,Callicebus nigrifrons,-23.233605,-46.52611
LimaF_etal_88,Leontopithecus chrysopygus,-23.829493,-48.554005
LimaF_etal_89,Leontopithecus chrysopygus,-23.697506,-48.716066
LimaF_etal_9,Leontopithecus chrysopygus,-23.915531,-48.548331
LimaF_etal_90,Leontopithecus chrysopygus,-23.665801,-48.784502
LimaF_etal_91,Leontopithecus chrysopygus,-23.959967,-48.573757
LimaF_etal_92,Leontopithecus chrysopygus,-23.832733,-48.569143
LimaF_etal_93,Leontopithecus chrysopygus,-23.744388,-48.769944
LimaF_etal_94,Leontopithecus chrysopygus,-23.717311,-48.697033
LimaF_etal_95,Leontopithecus chrysopygus,-22.752557,-49.040157
LimaF_etal_96,Leontopithecus chrysopygus,-23.407352,-48.35725
LimaF_etal_97,Leontopithecus chrysopygus,-23.511364,-48.769167
LimaF_etal_98,Leontopithecus chrysopygus,-23.966527,-47.666013
LimaF_etal_99,Alouatta guariba,-23.820804,-48.57748
MoraesA_plan_1_10,Callithrix penicillata,-20.510096,-41.939714
MoraesA_plan_1_11,"Callithrix sp,",-20.510096,-41.939714
MoraesA_plan_1_12,Callicebus nigrifrons,-20.511744,-41.963806
MoraesA_plan_1_13,Sapajus nigritus,-20.511744,-41.963806
MoraesA_plan_1_14,Callicebus nigrifrons,-20.52971,-41.980574
MoraesA_plan_1_15,Callicebus nigrifrons,-20.53731,-41.94678
MoraesA_plan_1_16,Brachyteles hypoxanthus,-20.546839,-41.788872
MoraesA_plan_1_17,Callithrix flaviceps,-20.546839,-41.788872
MoraesA_plan_1_2,Callicebus nigrifrons,-20.614731,-41.95321
MoraesA_plan_1_3,Alouatta guariba,-20.630046,-41.932542
MoraesA_plan_1_5,Sapajus nigritus,-20.745442,-41.940005
MoraesA_plan_1_6,Callicebus nigrifrons,-20.745442,-41.940005
MoraesA_plan_1_7,Callithrix geoffroyi,-20.647088,-41.896983
MoraesA_plan_1_8,Callicebus nigrifrons,-20.592754,-41.975628
MoraesA_plan_1_9,Callithrix jacchus,-20.510096,-41.939714
MoraesA_plan_2_1,Brachyteles hypoxanthus,-20.606475,-42.402325
MoraesA_plan_2_2,Alouatta guariba,-20.606475,-42.402325
MoraesA_plan_2_28,Leontopithecus chrysomelas,-14.665024,-39.195148
MoraesA_plan_2_29,Leontopithecus chrysomelas,-14.652712,-39.196719
MoraesA_plan_2_3,Callithrix aurita,-20.606475,-42.402325
MoraesA_plan_2_30,Leontopithecus chrysomelas,-14.694883,-39.197126
MoraesA_plan_2_31,Leontopithecus chrysomelas,-15.328965,-39.559332
MoraesA_plan_2_32,Leontopithecus chrysomelas,-15.180052,-39.532265
MoraesA_plan_2_33,Leontopithecus chrysomelas,-15.307704,-39.168611
MoraesA_plan_2_34,Leontopithecus chrysomelas,-15.075861,-39.960361
MoraesA_plan_2_4,Callicebus nigrifrons,-20.606475,-42.402325
MoraesA_plan_2_5,Sapajus nigritus,-20.606475,-42.402325
OliveiraL_10,Sapajus xanthosternos,-15.255168,-39.016916
OliveiraL_11,Leontopithecus chrysomelas,-15.17898942,-39.3589
OliveiraL_12,Callicebus melanochir,-15.17818942,-39.34688969
OliveiraL_13,Sapajus xanthosternos,-15.17918942,-39.34488969
OliveiraL_14,Callithrix kuhlii,-15.17898942,-39.3589
OliveiraL_15,Leontopithecus chrysomelas,-15.16627841,-39.41565344
OliveiraL_16,Callicebus melanochir,-15.16597841,-39.41589344
OliveiraL_17,Callithrix kuhlii,-15.16627841,-39.41565344
OliveiraL_18,Callithrix kuhlii,-15.35232038,-39.55939383
OliveiraL_19,Sapajus xanthosternos,-15.37820878,-39.5463
OliveiraL_2,Callithrix kuhlii,-15.154735,-39.526721
OliveiraL_20,Callicebus melanochir,-15.35232038,-39.55939383
OliveiraL_21,Leontopithecus chrysomelas,-15.35232038,-39.55939383
OliveiraL_22,Leontopithecus chrysomelas,-15.249178,-39.081373
OliveiraL_23,Callithrix kuhlii,-15.249178,-39.081373
OliveiraL_24,Sapajus xanthosternos,-15.249312,-39.081387
OliveiraL_25,Callicebus melanochir,-15.249223,-39.081454
OliveiraL_26,Leontopithecus chrysomelas,-15.28345,-39.088586
OliveiraL_27,Callithrix kuhlii,-15.28345,-39.088586
OliveiraL_28,Sapajus xanthosternos,-15.28345,-39.088586
OliveiraL_29,Callicebus melanochir,-15.28345,-39.088586
OliveiraL_3,Callicebus melanochir,-15.154924,-39.525482
OliveiraL_30,Sapajus xanthosternos,-15.539649,-39.329067
OliveiraL_31,Leontopithecus chrysomelas,-15.539649,-39.329067
OliveiraL_32,Callithrix kuhlii,-15.539649,-39.329067
OliveiraL_33,Leontopithecus chrysomelas,-14.978097,-39.284583
OliveiraL_34,Callithrix kuhlii,-14.978097,-39.284583
OliveiraL_4,Leontopithecus chrysomelas,-15.188018,-39.4152
OliveiraL_40,Callicebus nigrifrons,-21.772104,-46.542622
OliveiraL_5,Callithrix kuhlii,-15.188018,-39.4152
OliveiraL_6,Callicebus melanochir,-15.188018,-39.4152
OliveiraL_7,Leontopithecus chrysomelas,-15.377034,-39.129974
OliveiraL_8,Callithrix kuhlii,-15.293333,-39.075278
OliveiraL_9,Callicebus melanochir,-15.293333,-39.075278
RezendeG_GarbinoG_10,Callithrix aurita,-22.3576,-47.3752
RezendeG_GarbinoG_11,Callithrix aurita,-22.3989,-43.146
RezendeG_GarbinoG_12,Callithrix aurita,-21.4045,-42.1619
RezendeG_GarbinoG_13,Callithrix aurita,-23.205,-46.1566
RezendeG_GarbinoG_14,Callithrix aurita,-22.1118,-45.0568
RezendeG_GarbinoG_15,Callithrix aurita,-21.9412,-45.3144
RezendeG_GarbinoG_22,Callithrix aurita,-23.4,-46.58333333
RezendeG_GarbinoG_23,Sapajus libidinosus,-20.195,-50.9089
RezendeG_GarbinoG_24,Sapajus libidinosus,-20.2154,-50.9791
RezendeG_GarbinoG_25,Alouatta caraya,-20.2293,-50.9411
RezendeG_GarbinoG_26,Alouatta caraya,-20.4146,-51.3307
RezendeG_GarbinoG_27,Sapajus nigritus,-22.4934,-52.4699
RezendeG_GarbinoG_28,Sapajus nigritus,-22.4149,-52.5134
RezendeG_GarbinoG_30,Sapajus nigritus,-22.4281,-49.664
RezendeG_GarbinoG_33,Sapajus nigritus,-23.9481,-47.6967
RezendeG_GarbinoG_34,Alouatta guariba,-23.9481,-47.6967
RezendeG_GarbinoG_6,Leontopithecus chrysopygus,-23.66527778,-48.78388889
RezendeG_GarbinoG_7,Leontopithecus chrysopygus,-23.74388889,-48.76944444
RezendeG_GarbinoG_8,Callithrix aurita,-23.2853,-47.203
RezendeG_GarbinoG_9,Callithrix aurita,-23.2364,-45.0483
RochaA_10,Callithrix kuhlii,-16.27524,-40.963333
RochaA_11,Sapajus xanthosternos,-16.350813,-41.093041
RochaA_12,Brachyteles hypoxanthus,-16.350813,-41.093041
RochaA_13,Callithrix geoffroyi,-16.417569,-40.92731
RochaA_14,Callithrix geoffroyi,-16.69039,-40.816527
RochaA_15,Alouatta guariba,-16.701994,-40.821419
RochaA_16,Sapajus nigritus,-21.779206,-46.570296
RochaA_17,Alouatta guariba,-23.099883,-45.592606
RochaA_18,Alouatta guariba,-23.779833,-47.295481
RochaA_2,Callithrix penicillata,-22.708108,-47.626454
RochaA_20,"Callithrix sp,",-22.882729,-46.950364
RochaA_26,Callicebus nigrifrons,-23.182003,-46.531768
RochaA_27,Alouatta guariba,-23.182003,-46.531768
RochaA_28,"Callithrix sp,",-23.034638,-46.952314
RochaA_3,Sapajus nigritus,-22.528087,-48.480095
RochaA_32,Callicebus nigrifrons,-22.307813,-47.621363
RochaA_33,Callicebus nigrifrons,-22.35946,-47.66796
RochaA_34,Sapajus nigritus,-22.354992,-47.480683
RochaA_35,Callicebus nigrifrons,-22.358066,-47.482286
RochaA_36,Callithrix aurita,-22.358066,-47.482286
RochaA_4,Callithrix jacchus,-22.641667,-47.862755
RochaA_5,Callithrix kuhlii,-16.391216,-40.977465
RochaA_6,Callithrix kuhlii,-16.384672,-40.97767
RochaA_7,Callithrix kuhlii,-16.398715,-40.968826
RochaA_8,Callithrix kuhlii,-16.118142,-40.96951
RochaA_9,Alouatta guariba,-16.23456,-40.982926
RUMO_1,Callithrix jacchus,-23.302734,-51.08771
RUMO_100,"Sapajus sp,",-19.288762,-57.617288
RUMO_101,"Sapajus sp,",-19.288762,-57.617288
RUMO_102,"Sapajus sp,",-19.288762,-57.617288
RUMO_103,"Sapajus sp,",-19.262922,-57.632734
RUMO_104,"Sapajus sp,",-19.262922,-57.632734
RUMO_105,"Sapajus sp,",-19.262922,-57.632734
RUMO_106,"Sapajus sp,",-19.262922,-57.632734
RUMO_107,"Sapajus sp,",-19.262922,-57.632734
RUMO_108,"Sapajus sp,",-19.262922,-57.632734
RUMO_109,"Sapajus sp,",-19.262922,-57.632734
RUMO_110,"Sapajus sp,",-19.262922,-57.632734
RUMO_111,"Sapajus sp,",-19.262922,-57.632734
RUMO_112,"Sapajus sp,",-19.262922,-57.632734
RUMO_113,"Sapajus sp,",-19.218021,-57.637137
RUMO_114,"Sapajus sp,",-19.218021,-57.637137
RUMO_115,"Sapajus sp,",-19.218021,-57.637137
RUMO_116,"Sapajus sp,",-19.218021,-57.637137
RUMO_117,"Sapajus sp,",-19.218021,-57.637137
RUMO_118,"Sapajus sp,",-19.218021,-57.637137
RUMO_119,"Sapajus sp,",-19.218021,-57.637137
RUMO_120,"Sapajus sp,",-19.218021,-57.637137
RUMO_121,"Sapajus sp,",-19.218021,-57.637137
RUMO_122,"Sapajus sp,",-19.218021,-57.637137
RUMO_123,Alouatta caraya,-20.24025,-56.345791
RUMO_124,Alouatta caraya,-20.24025,-56.345791
RUMO_141,Sapajus cay,-19.173457,-57.368274
RUMO_142,Sapajus cay,-19.173457,-57.368274
RUMO_143,Sapajus cay,-19.173457,-57.368274
RUMO_144,Sapajus cay,-19.173457,-57.368274
RUMO_145,Sapajus cay,-19.173457,-57.368274
RUMO_146,Sapajus cay,-19.173457,-57.368274
RUMO_147,Sapajus cay,-19.173457,-57.368274
RUMO_148,Sapajus cay,-19.173457,-57.368274
RUMO_149,Sapajus cay,-19.173457,-57.368274
RUMO_150,Sapajus cay,-19.173457,-57.368274
RUMO_151,Sapajus cay,-19.173457,-57.368274
RUMO_152,Sapajus cay,-19.173457,-57.368274
RUMO_153,Sapajus cay,-19.173457,-57.368274
RUMO_154,Sapajus cay,-19.173457,-57.368274
RUMO_155,Sapajus cay,-19.173457,-57.368274
RUMO_156,Sapajus cay,-19.173457,-57.368274
RUMO_157,Sapajus cay,-19.173457,-57.368274
RUMO_158,Sapajus cay,-19.173457,-57.368274
RUMO_159,Sapajus cay,-19.173457,-57.368274
RUMO_160,Sapajus cay,-19.173457,-57.368274
RUMO_161,Sapajus cay,-19.173457,-57.368274
RUMO_162,Sapajus cay,-19.173457,-57.368274
RUMO_163,Sapajus cay,-19.173457,-57.368274
RUMO_164,Sapajus cay,-19.173457,-57.368274
RUMO_165,Sapajus cay,-19.173457,-57.368274
RUMO_166,Sapajus cay,-19.173457,-57.368274
RUMO_167,Sapajus cay,-19.173457,-57.368274
RUMO_168,Sapajus cay,-19.173457,-57.368274
RUMO_169,Sapajus cay,-19.173457,-57.368274
RUMO_170,Sapajus cay,-19.173457,-57.368274
RUMO_171,Sapajus cay,-19.1612488,-57.3793884
RUMO_172,Sapajus cay,-19.1612488,-57.3793884
RUMO_173,Sapajus cay,-19.1612488,-57.3793884
RUMO_174,Sapajus cay,-19.1612488,-57.3793884
RUMO_175,Sapajus cay,-19.1612488,-57.3793884
RUMO_176,Sapajus cay,-19.1612488,-57.3793884
RUMO_177,Sapajus cay,-19.1612488,-57.3793884
RUMO_178,Sapajus cay,-19.1612488,-57.3793884
RUMO_179,Sapajus cay,-19.1612488,-57.3793884
RUMO_180,Sapajus cay,-19.1612488,-57.3793884
RUMO_181,Sapajus cay,-19.1612488,-57.3793884
RUMO_182,Sapajus cay,-19.1612488,-57.3793884
RUMO_183,Sapajus cay,-19.1612488,-57.3793884
RUMO_184,Sapajus cay,-19.1612488,-57.3793884
RUMO_185,Sapajus cay,-19.1612488,-57.3793884
RUMO_186,Sapajus cay,-19.1612488,-57.3793884
RUMO_187,Sapajus cay,-19.1612488,-57.3793884
RUMO_188,Sapajus cay,-19.1612488,-57.3793884
RUMO_189,Sapajus cay,-19.1612488,-57.3793884
RUMO_190,Sapajus cay,-19.1612488,-57.3793884
RUMO_198,Callithrix penicillata,-20.300815,-50.280171
RUMO_199,Sapajus nigritus,-21.367327,-48.530997
RUMO_2,Alouatta guariba,-29.757822,-55.880599
RUMO_200,Sapajus nigritus,-21.367327,-48.530997
RUMO_201,Sapajus nigritus,-21.367327,-48.530997
RUMO_202,Sapajus nigritus,-21.367327,-48.530997
RUMO_203,Sapajus nigritus,-21.367327,-48.530997
RUMO_204,Callithrix penicillata,-20.246443,-50.803472
RUMO_205,Sapajus nigritus,-20.587109,-49.71208
RUMO_206,Sapajus nigritus,-20.587109,-49.71208
RUMO_207,Sapajus nigritus,-20.587109,-49.71208
RUMO_208,Sapajus nigritus,-20.587109,-49.71208
RUMO_209,Sapajus nigritus,-23.946157,-46.648148
RUMO_210,Sapajus nigritus,-23.946157,-46.648148
RUMO_211,Sapajus nigritus,-23.946157,-46.648148
RUMO_212,Sapajus nigritus,-23.946157,-46.648148
RUMO_213,Sapajus nigritus,-23.946157,-46.648148
RUMO_214,Sapajus nigritus,-23.946157,-46.648148
RUMO_215,Sapajus nigritus,-23.946157,-46.648148
RUMO_216,Sapajus nigritus,-23.946157,-46.648148
RUMO_217,Sapajus nigritus,-23.961287,-46.650558
RUMO_218,Sapajus nigritus,-23.961287,-46.650558
RUMO_219,Sapajus nigritus,-23.961287,-46.650558
RUMO_220,Sapajus nigritus,-23.961287,-46.650558
RUMO_221,Sapajus nigritus,-23.961287,-46.650558
RUMO_222,Sapajus nigritus,-23.961287,-46.650558
RUMO_223,Sapajus nigritus,-23.961287,-46.650558
RUMO_224,Sapajus nigritus,-23.961287,-46.650558
RUMO_225,Sapajus nigritus,-23.961287,-46.650558
RUMO_226,Sapajus nigritus,-23.961287,-46.650558
RUMO_227,Sapajus nigritus,-23.971337,-46.60683
RUMO_228,Sapajus nigritus,-23.971337,-46.60683
RUMO_229,Sapajus nigritus,-23.971337,-46.60683
RUMO_230,Sapajus nigritus,-23.971337,-46.60683
RUMO_231,Sapajus nigritus,-23.971337,-46.60683
RUMO_242,Sapajus nigritus,-23.970003,-46.652554
RUMO_243,Sapajus nigritus,-23.970003,-46.652554
RUMO_244,Callithrix penicillata,-20.2672,-50.5871
RUMO_245,Callithrix penicillata,-20.2672,-50.5871
RUMO_246,Callithrix penicillata,-20.267,-50.6086
RUMO_247,Sapajus nigritus,-20.467735,-49.861572
RUMO_248,Sapajus nigritus,-20.467735,-49.861572
RUMO_249,Sapajus nigritus,-20.467735,-49.861572
RUMO_250,Sapajus nigritus,-20.467735,-49.861572
RUMO_251,Sapajus nigritus,-20.467735,-49.861572
RUMO_252,Sapajus nigritus,-20.467735,-49.861572
RUMO_253,Sapajus nigritus,-20.467735,-49.861572
RUMO_254,Sapajus nigritus,-20.467735,-49.861572
RUMO_255,Sapajus nigritus,-20.467735,-49.861572
RUMO_256,Sapajus nigritus,-20.467735,-49.861572
RUMO_257,Sapajus nigritus,-20.467735,-49.861572
RUMO_258,Sapajus nigritus,-20.467735,-49.861572
RUMO_259,Sapajus nigritus,-20.467735,-49.861572
RUMO_260,Sapajus nigritus,-20.467735,-49.861572
RUMO_261,Sapajus nigritus,-20.467735,-49.861572
RUMO_262,Sapajus nigritus,-20.467735,-49.861572
RUMO_263,Sapajus nigritus,-20.467735,-49.861572
RUMO_264,Sapajus nigritus,-20.467735,-49.861572
RUMO_265,Sapajus nigritus,-20.467735,-49.861572
RUMO_266,Sapajus nigritus,-20.467735,-49.861572
RUMO_281,Callithrix jacchus,-22.303396,-48.933576
RUMO_282,Callithrix jacchus,-22.303396,-48.933576
RUMO_283,Callithrix jacchus,-22.317395,-48.951338
RUMO_3,Alouatta guariba,-29.919744,-53.092228
RUMO_36,Callithrix penicillata,-22.388282,-49.065844
RUMO_39,Sapajus nigritus,-21.262949,-50.388415
RUMO_4,Alouatta guariba,-29.924249,-53.120553
RUMO_40,Sapajus nigritus,-21.262949,-50.388415
RUMO_41,Sapajus nigritus,-21.262949,-50.388415
RUMO_42,Sapajus nigritus,-21.262949,-50.388415
RUMO_43,Sapajus nigritus,-21.262949,-50.388415
RUMO_44,Sapajus nigritus,-21.262949,-50.388415
RUMO_45,Sapajus nigritus,-21.262949,-50.388415
RUMO_46,Sapajus nigritus,-21.262949,-50.388415
RUMO_47,Sapajus nigritus,-21.262949,-50.388415
RUMO_48,Sapajus nigritus,-21.262949,-50.388415
RUMO_49,Sapajus nigritus,-21.262949,-50.388415
RUMO_5,Alouatta guariba,-29.924249,-53.120553
RUMO_50,Sapajus nigritus,-21.262949,-50.388415
RUMO_51,Sapajus nigritus,-21.262949,-50.388415
RUMO_52,Sapajus nigritus,-21.262949,-50.388415
RUMO_53,Sapajus nigritus,-21.262949,-50.388415
RUMO_54,Sapajus nigritus,-21.262949,-50.388415
RUMO_55,Sapajus nigritus,-21.262949,-50.388415
RUMO_56,Sapajus nigritus,-21.262949,-50.388415
RUMO_57,Sapajus nigritus,-21.262949,-50.388415
RUMO_58,Sapajus nigritus,-21.262949,-50.388415
RUMO_6,Alouatta guariba,-29.924249,-53.120553
RUMO_61,Alouatta caraya,-20.560513,-54.667359
RUMO_62,Alouatta caraya,-20.560513,-54.667359
RUMO_63,Alouatta caraya,-20.560513,-54.667359
RUMO_7,Alouatta guariba,-29.924249,-53.120553
RUMO_72,Sapajus nigritus,-19.263622,-57.632642
RUMO_73,Sapajus nigritus,-19.263622,-57.632642
RUMO_74,Sapajus nigritus,-19.263622,-57.632642
RUMO_75,Sapajus nigritus,-19.263622,-57.632642
RUMO_76,Sapajus nigritus,-19.263622,-57.632642
RUMO_77,Sapajus nigritus,-19.263622,-57.632642
RUMO_78,Sapajus nigritus,-19.263622,-57.632642
RUMO_79,Sapajus nigritus,-19.263622,-57.632642
RUMO_80,Sapajus nigritus,-19.263622,-57.632642
RUMO_81,Sapajus nigritus,-19.263622,-57.632642
RUMO_82,Sapajus nigritus,-19.263622,-57.632642
RUMO_83,Sapajus nigritus,-19.263622,-57.632642
RUMO_84,Sapajus nigritus,-19.263622,-57.632642
RUMO_85,Sapajus nigritus,-19.263622,-57.632642
RUMO_86,Sapajus nigritus,-19.253971,-57.633964
RUMO_87,Sapajus nigritus,-19.253971,-57.633964
RUMO_88,Sapajus nigritus,-19.253971,-57.633964
RUMO_89,Sapajus nigritus,-19.253971,-57.633964
RUMO_90,Sapajus nigritus,-19.253971,-57.633964
RUMO_91,Sapajus nigritus,-19.253971,-57.633964
RUMO_92,Sapajus nigritus,-19.253971,-57.633964
RUMO_93,Sapajus nigritus,-19.253971,-57.633964
RUMO_94,Sapajus nigritus,-19.253971,-57.633964
RUMO_95,"Sapajus sp,",-19.288762,-57.617288
RUMO_96,"Sapajus sp,",-19.288762,-57.617288
RUMO_97,"Sapajus sp,",-19.288762,-57.617288
RUMO_98,"Sapajus sp,",-19.288762,-57.617288
RUMO_99,"Sapajus sp,",-19.288762,-57.617288
Sabino-SantosG_La_Serra_10,Callithrix penicillata,-21.1208,-47.79253
Sabino-SantosG_La_Serra_11,Callithrix penicillata,-21.17273,-47.78816
Sabino-SantosG_La_Serra_12,Callithrix penicillata,-21.26387,-47.81907
Sabino-SantosG_La_Serra_13,Callithrix penicillata,-21.11831,-47.80978
Sabino-SantosG_La_Serra_14,Callithrix penicillata,-21.18893,-47.71035
Sabino-SantosG_La_Serra_15,Callithrix penicillata,-21.18624,-47.80579
Sabino-SantosG_La_Serra_16,Callithrix penicillata,-21.13044,-47.75167
Sabino-SantosG_La_Serra_17,Callithrix penicillata,-21.18853,-47.73511
Sabino-SantosG_La_Serra_18,Callithrix penicillata,-21.19068,-47.75837
Sabino-SantosG_La_Serra_19,Callithrix penicillata,-21.18141,-47.83335
Sabino-SantosG_La_Serra_20,Callithrix penicillata,-21.16199,-47.7341
Sabino-SantosG_La_Serra_21,Callithrix penicillata,-21.15794,-47.80004
Sabino-SantosG_La_Serra_22,Callithrix penicillata,-21.19524,-47.76304
Sabino-SantosG_La_Serra_23,Callithrix penicillata,-21.26741,-47.81255
Sabino-SantosG_La_Serra_24,Callithrix penicillata,-21.21523,-47.80652
Sabino-SantosG_La_Serra_25,Callithrix penicillata,-21.19052,-47.78953
Sabino-SantosG_La_Serra_26,Callithrix penicillata,-21.19052,-47.78953
Sabino-SantosG_La_Serra_27,Callithrix penicillata,-21.19052,-47.78953
Sabino-SantosG_La_Serra_28,Callithrix penicillata,-21.19052,-47.78953
Sabino-SantosG_La_Serra_29,Callithrix penicillata,-21.12377,-47.78172
Sabino-SantosG_La_Serra_4,Callithrix penicillata,-21.19914,-47.85733
Sabino-SantosG_La_Serra_5,Callithrix penicillata,-21.23687,-47.80192
Sabino-SantosG_La_Serra_6,Callithrix penicillata,-21.27154,-47.83345
Sabino-SantosG_La_Serra_7,Callithrix penicillata,-21.18912,-47.71401
Sabino-SantosG_La_Serra_8,Callithrix penicillata,-21.1776,-47.73382
Sabino-SantosG_La_Serra_9,Callithrix penicillata,-21.17976,-47.85611
SilvaL_1,Sapajus nigritus,-22.772358,-48.968306
SilvaL_10,Sapajus nigritus,-22.59775,-49.336506
SilvaL_11,Alouatta guariba,-22.588556,-49.420472
SilvaL_12,Alouatta guariba,-22.760403,-49.015561
SilvaL_13,Leontopithecus chrysopygus,-22.778069,-49.088572
SilvaL_14,Sapajus nigritus,-22.608461,-49.3013
SilvaL_15,Sapajus nigritus,-22.544369,-48.659228
SilvaL_16,Sapajus nigritus,-22.577586,-49.017053
SilvaL_17,Sapajus nigritus,-22.581192,-49.215672
SilvaL_18,Sapajus nigritus,-22.826231,-48.783072
SilvaL_19,Sapajus nigritus,-22.497408,-49.031178
SilvaL_2,Sapajus nigritus,-22.509339,-48.989822
SilvaL_20,Sapajus nigritus,-22.593642,-49.259153
SilvaL_21,Sapajus nigritus,-22.568436,-48.890767
SilvaL_22,Alouatta guariba,-22.560872,-49.395206
SilvaL_23,Sapajus nigritus,-22.712528,-48.834592
SilvaL_24,Sapajus nigritus,-22.061914,-48.818139
SilvaL_25,Alouatta guariba,-22.529764,-48.916672
SilvaL_26,Sapajus nigritus,-22.838811,-48.511742
SilvaL_27,Sapajus nigritus,-22.804303,-48.516028
SilvaL_28,Sapajus nigritus,-22.894558,-48.876308
SilvaL_29,Sapajus nigritus,-22.108086,-48.851436
SilvaL_3,Sapajus nigritus,-22.8433,-48.789578
SilvaL_30,Sapajus nigritus,-22.115319,-48.855883
SilvaL_31,Sapajus nigritus,-22.120661,-48.850225
SilvaL_32,Sapajus nigritus,-22.076736,-48.831997
SilvaL_33,Sapajus nigritus,-22.068367,-48.836931
SilvaL_34,Sapajus nigritus,-22.762817,-48.863994
SilvaL_35,Leontopithecus chrysopygus,-22.772053,-48.967731
SilvaL_4,Sapajus nigritus,-22.583508,-48.986925
SilvaL_5,Sapajus nigritus,-22.380503,-49.675583
SilvaL_6,Sapajus nigritus,-22.629239,-49.024211
SilvaL_7,Sapajus nigritus,-22.858033,-48.7381
SilvaL_8,Sapajus nigritus,-22.780983,-49.089033
SilvaL_9,Sapajus nigritus,-22.639961,-48.838342
